hippotragusequinus,AT0705;AT0709;AT0712;AT0717;AT0722;AT0725;AT0726;AT0907;AT1015;AT1309
turbinaoblongata,AT1004
elephantulusbrachyrhynchus,AT0725
rhinolophusblasii,PA0431
glauconycterisvariegata,AT0707;AT0716
hemachatushaemachatus,AT1009
hydrurgaleptonyx,AA0402;AA0409;AA0410;AA0801;AA1101;AN1101;AN1102;AN1103
seneciolongiflorus,AT1202
adansoniadigitata,AA1301;AT0102;AT0111;AT0706;AT0707;AT0709;AT0711;AT0713;AT0714;AT0716;AT0719;AT0722;AT0725;AT0726;AT0908;AT1302;AT1316;IM0154;NT1305
ozoroapaniculosa,
aloecryptopoda,
balaenopteraedeni,AA0402;AA0409;AT1203;NA0517;NA0529
tragelaphusangasii,AT0119;AT0725;AT1004;AT1201;AT1309;AT1314
balaenopteraphysalus,NA0411;NA0517;NA0605;PA0405;PA1201;PA1211
gnidiacapitata,
potamochoeruslarvatus,AT0725;AT1004;AT1008
acinonyxjubatus,AT0108;AT0116;AT0711;AT0714;AT0716;AT0725;AT0902;AT0907;AT1309;AT1316;NA0414
cricetomysgambianus,AT0110;AT0707;AT0718
salviaruncinata,
petromyscusbarbouri,
nycteriswoodi,
digitariaerianthasteud,AA0402
pronolagusrandensis,
centropodiaglauca,
solanumlycopersicum,AA0801;AT0108;Lake;NA0303;NT0310;OC0202;PA0402;PA0405;PA0436;PA0445;PA0608;PA1203;PA1211;PA1303
kalanchoepaniculata,
kogiasima,
paraxeruscepapi,AT0125;AT0702;AT0704;AT0709;AT0717;AT0719;AT0725;AT0726;AT0902;AT0907
cuculusclamosus,AT0101;AT0107;AT0111;AT0115;AT0116;AT0119;AT0121;AT0123;AT0704;AT0705;AT0709;AT0711;AT0714;AT0716;AT0717;AT0721;AT0722;AT0725;AT0907;AT1004;AT1005;AT1009;AT1012
sansevieriazeylanica,IM0154
phymateusviridipes,AT0108;AT0109
stipagrostisuniplumis,
mastomysshortridgei,
bostaurus,AA0402;AA0405;AA0406;AA0409;AA0801;AA0802;AT0108;AT0716;NA0407;NA0412;NA0803;NA0806;NA1302;NA1310;NT0310;PA0402;PA0405;PA0409;PA0412;PA0431;PA0445;PA0501;PA1209;PA1215
rhoicissustridentata,AT1015
hypoxisnitida,
kobusvardonii,AT0704;AT0706;AT0725
dispholidustypus,AT0109;AT0125;AT0725;AT0726;AT1004;AT1006
raphionacmeburkei,
lycaonpictus,AT0709;AT0711;AT0715;AT0719;AT0725;AT0726;AT1309
mellivoracapensis,AT0702;AT0725;AT0726;AT0902;AT0907;AT1309
cephalocrotonmollisklotsch,
suncusinfinitesimus,
aepycerosmelampusmelampus,AT0702;AT0709;AT0711;AT0714;AT0716;AT0717;AT0719;AT0725;AT0726;AT0902;AT0907;AT1004;AT1006;AT1012;AT1309;AT1316
serinusalario,AT0717;AT0726;AT1009;AT1202;AT1203;AT1309;AT1314;AT1316;AT1322
ximeniaamericana,AT0707;AT0722;AT0907;AT1403;NT0206;NT0210
platycarphacarlinoides,
laniariusatrococcineus,AT0702;AT0705;AT0709;AT0717;AT0725;AT0726;AT0902;AT0907;AT1309;AT1316
lippiascaberrima,
cyperuslongus,AT0907;PA0402;PA0403;PA0406;PA0409;PA0425;PA0436;PA0445;PA1203;PA1204;PA1209;PA1212;PA1215;PA1216;PA1222
camelusdromedarius,AA1302;AT1306;AT1320;PA0904;PA1212;PA1213;PA1303;PA1321;PA1325;PA1329
ipomoeabolusiana,
caprahircus,AA0402;AA0404;AA0405;AA0406;AA0409;AA0802;AA1003;IM0124;IM0149;NA0303;NA0411;NA0414;NT0112;NT0145;OC0702;PA0409;PA0417;PA0429
corvinellamelanoleuca,AT0709;AT0714;AT0716;AT0717;AT0725;AT0726;AT0907
wallerianutans,
agamaaculeata,AT0701;AT0711;AT0716;AT0725;AT1309
vitexzeyheri,
myotistricolor,AT0711
elephantulusmyurus,
adeniumoleifolium,
acacianebrownii,AT0902
nectariniaamethystina,AT0108;AT0109;AT0115;AT0704;AT0711;AT0716;AT0717;AT0719;AT0721;AT0725;AT0726;AT0907;AT1004;AT1009;AT1202;AT1309
sennaitalica,AT0722;AT1302;PA0608;PA1329
mastomyscoucha,
epomophoruswahlbergi,AT0109;AT0115;AT0125;AT0711;AT0725
pergulariadaemia,AT0109;AT0111;AT0114;AT0707;AT1314;PA1209
chlorotalpaduthieae,
acaciahebecladahebeclada,AT0907;AT1309
crotongratissimus,AT1309
vangueiriainfausta,AT0717;AT0907
hoodiagordonii,
asparaguslaricinus,
crociduraluna,
vulpeschama,AT0702;AT1309
cymbopogonplurinodis,
aristidacongesta,AT0907
phyllanthusmaderaspatensis,AT0713;AT0722
eurocephalusanguitimens,AT0702;AT0709;AT0717;AT0725;AT0726;AT0902;AT0907;AT0908;AT1004;AT1309;AT1316
aepycerosmelampus,AT0702;AT0709;AT0711;AT0714;AT0716;AT0717;AT0719;AT0725;AT0726;AT0902;AT0907;AT1004;AT1006;AT1012;AT1309;AT1316
trichophytonschoenleinii,
monticolarupestris,AT0116;AT0717;AT0725;AT1003;AT1004;AT1009;AT1201;AT1202;AT1203
tateraafra,
citrussinensis,AA0801;AT0707;AT1403;NA0303;NA0529;NA1311;NT0205;PA0402;PA0436;PA0445;PA0608;PA1201;PA1206;PA1209;PA1211;PA1214;PA1215;PA1220;PA1221
rousettusangolensis,
cyperusdenudatus,AT0907
reduncafulvorufula,AT0714;AT1004;AT1008
taeniasolium,
tockuserythrorhynchus,AT0108;AT0109;AT0112;AT0705;AT0707;AT0711;AT0715;AT0716;AT0722;AT1005;AT1007;AT1008
tytocapensis,AA0105;AA0117;AA0402;AA0701;AA0702;AA0703;AA0706;AA0707;AA1309;AT0101;AT0115;AT0705;AT0711;AT0717;AT0725;AT1004;AT1009;AT1203;IM0209
suncusvarilla,
bubolacteus,AT0101;AT0108;AT0112;AT0125;AT0702;AT0705;AT0707;AT0711;AT0714;AT0716;AT0719;AT0721;AT0722;AT0725;AT0726;AT1009;AT1309
broomeiaellipsospora,
ciconiaabdimii,AT0101;AT0108;AT0112;AT0704;AT0705;AT0711;AT0714;AT0715;AT0716;AT0717;AT0719;AT0721;AT0722;AT0725;AT0726;AT0907;AT1004;AT1005;AT1007;AT1008;AT1010;AT1302;AT1305;AT1320;Lake
parkinsoniaafricana,
genettagenettapulchra,AT0108;AT0114;AT0702;AT0714;AT0716;AT0722;AT0725;AT0726;AT1309;PA0402;PA0406;PA0445;PA1209;PA1215;PA1216;PA1221
typhacapensis,AT0907;AT1015
faureasaligna,
dicrurusadsimilis,AT0101;AT0108;AT0109;AT0111;AT0115;AT0116;AT0125;AT0705;AT0707;AT0711;AT0716;AT0717;AT0721;AT0722;AT0725;AT1003;AT1004;AT1012;AT1203
buboafricanus,AT0108;AT0109;AT0116;AT0119;AT0128;AT0701;AT0702;AT0704;AT0705;AT0709;AT0711;AT0714;AT0716;AT0717;AT0719;AT0721;AT0722;AT0725;AT0726;AT0801;AT0907;AT1003;AT1004;AT1009;AT1201;AT1202;AT1203;AT1302;AT1309;AT1314;AT1316;AT1320
aptosimumalbomarginatum,
crocutacrocuta,AT0108;AT0112;AT0702;AT0709;AT0711;AT0714;AT0716;AT0719;AT0721;AT0725;AT0726;AT0902;AT0907;AT1004;AT1316;AT1403;IM0123
cercopithecusmitis,AT0101;AT0108;AT0109;AT0119;AT0125;AT0711;AT0714;AT0721;AT0725;AT1004;AT1005;AT1006;AT1313
boophanedisticha,AT0717;AT1004;AT1012;AT1015
haliaeetusvocifer,AT0107;AT0108;AT0112;AT0115;AT0116;AT0119;AT0125;AT0705;AT0706;AT0707;AT0711;AT0713;AT0714;AT0715;AT0716;AT0717;AT0721;AT0722;AT0725;AT1004;AT1005;AT1013;AT1203;AT1402;AT1403;AT1405;Lake
acaciaerioloba,AT0907;AT1309;AT1314
scotophilusnigrita,
petromyscuscollinus,
philetairussocius,AT0702;AT0902;AT1309;AT1314;AT1315;AT1316;AT1322
acaciahereroensis,AT1309
panicumcoloratum,AA0402;AA0409
equusasinus,AA1309;AT1309;NA0414;NA0811;NA0814;NA1201;NA1308;NA1310;NT0310;NT0709;NT1305;NT1401;PA0431;PA0805;PA1207;PA1325
barleriapretoriensis,
combretummolle,AT0722;AT1015
hyparrheniafilipendulapilosa,AA0402
chlorotalpasclateri,
orcinusorca,AA0402;AA0801;NA0506;NA0520;NA0601;NA1101;NA1117;NT0160;NT0805;PA0421;PA0520
ledebouriamarginata,
leptailurusserval,AT0108;AT0709;AT0714;AT0715;AT0716;AT1008
eptesicushottentotus,
panicummaximum,AA0402;IM0154;NA0701;NT0109;NT1305
gypsafricanus,AT0101;AT0107;AT0108;AT0112;AT0119;AT0121;AT0705;AT0711;AT0714;AT0715;AT0716;AT0717;AT0721;AT0722;AT0725;AT1005;AT1007;AT1008
paraxeruspalliatus,AT0109;AT0116;AT0125;AT0725;AT1402
crinumfoetidum,
dorylushelvolus,
milvusaegyptius,AT0116;AT0709;AT0717;AT0725;AT0907;AT1004;AT1009;AT1012;AT1202;AT1309;AT1316
ploceusvelatus,AT0115;AT0116;AT0119;AT0702;AT0709;AT0714;AT0717;AT0725;AT0726;AT0902;AT0907;AT0908;AT1004;AT1009;AT1012;AT1309;AT1314;AT1315;AT1316
kalanchoelanceolata,AT0907
lippiajavanica,
diospyroslycioides,AT0719;AT0907;AT1004;AT1309
locustanapardalina,
chrysospalaxvillosus,
nerinelaticoma,
cocciniarehmannii,
argemoneochroleuca,AA0402;AA0409;AA0802;AA1309;AT1008;AT1203;AT1309;NA1302;NT0204;NT0303;NT0310;PA1203
atractaspisbibronii,
eucleanatalensis,
crotalariaspartioides,
otomyslaminatus,
mastomysnatalensis,AT0109;AT0119;AT0706;AT0907
rhinolophuslanderi,AT0711;AT0722
rhinolophusfumigatus,AT0722
buddlejasaligna,
passermotitensis,AT0702;AT0709;AT0714;AT0717;AT0725;AT0726;AT0902;AT1009;AT1309;AT1316;AT1322
equuszebrahartmannae,AT0702;AT1201;AT1309;AT1314;AT1316;AT1322
viduaparadisaea,AT0101;AT0108;AT0109;AT0112;AT0119;AT0709;AT0711;AT0714;AT0716;AT0717;AT0725;AT0726;AT0902;AT0907;AT1002;AT1004;AT1007
scotophilusviridis,AT0125;AT0722;AT0725
thallomysnigricauda,AT1309
kalanchoerotundifolia,
albiziaanthelmintica,AT1309
caracalcaracal,AT0709;AT1309;PA1303
vanelluscoronatus,AT0108;AT0115;AT0711;AT0714;AT0716;AT0717;AT0725;AT1007;AT1009;AT1202
coloeuraafra,AT0125;AT0707;AT0722;AT1402
dasymysincomtus,AT0718
pelomedusasubrufa,AT0115;AT0701;AT0702;AT0704;AT0711;AT0902;AT0907;AT1004
chamaeleodilepis,AT0109;AT0125;AT0702;AT0704;AT0715;AT0716;AT0717;AT0719;AT0725;AT0726;AT0908;AT1004;AT1006;AT1309;AT1401;AT1405
suricatasuricatta,AT0717;AT0725;AT0726;AT0908;AT1309;AT1316;PA0445
asparagusnelsii,
schmidtiapappophoroides,
bosciafoetida,AT1309;AT1316
bufogutturalis,AT0719;AT0725;AT1402
sagittariusserpentarius,AT0108;AT0704;AT0711;AT0714;AT0715;AT0716;AT0725;AT0907;AT0908;AT1004;AT1009;AT1201;AT1315
feliscatus,AA0405;AA0406;AA0407;AA0801;AA1003;IM0203;NA0402;NA0405;NA0409;NA0410;NA0413;NA0417;NA0516;NA0519;NA0524;NA0701;NA0801;NA0803;NA0804;NA0806;NA0814;NA1201;NA1202;NA1302;NA1303;NA1310;NT0145;NT0155;NT0181;NT0211;NT0310;PA0608
oreotragusoreotragus,AT0108;AT0716;AT0717;AT0721;AT0725;AT1007;AT1008;AT1203;AT1309;AT1314;AT1315;AT1316
combretumcollinumondogense,AT0722;AT0725
dombeyarotundifolia,AT1309
sarcostemmaviminale,AT0719;AT0907;AT1201
tulostomalacticeps,
eragrostistrichophora,
acacialuederitzii,
acaciatortilissubspheteracantha,AT0702;AT0711;AT0713;AT0714;AT0722;AT0725;AT0902;AT0903;AT0907;AT1309;PA0445;PA1303;PA1321
radyeraurens,
chlorocebusaethiops,AT0101;AT0112;AT0114;AT0125;AT0707;AT0709;AT0711;AT0714;AT0715;AT0716;AT0717;AT0719;AT0725;AT0726;AT0907;AT1004;AT1008;AT1203;AT1313;AT1402;AT1403
oxaliscorniculata,NA1202;PA0402;PA0425;PA0445;PA1215
aquilarapax,AT0108;AT0109;AT0112;AT0125;AT0705;AT0711;AT0714;AT0715;AT0716;AT0725;AT1005;AT1007;AT1008;AT1320;AT1402;IM0120;IM0124;IM0137;IM0150;IM0166;IM0209;IM1301
cistugolesueuri,
ricinuscommunis,AA0405;AA0406;AT0707;IM0146;NA0303;NA0414;NA0529;NA0701;NA1201;NA1202;NA1203;NA1302;NA1307;NT0148;NT0176;NT0179;NT0181;NT0205;NT0211;NT0230;OC0202;PA0402;PA0425;PA0436;PA0445;PA1203;PA1209;PA1215;PA1221
berchemiazeyheri,
pipistrellunhesperidus,
nectariniamariquensis,AT0702;AT0709;AT0711;AT0716;AT0717;AT0721;AT0725;AT0726;AT0902;AT0907;AT1004;AT1309;AT1316
cussoniapaniculata,AT1202
corvusalbus,AT0101;AT0108;AT0109;AT0111;AT0116;AT0123;AT0130;AT0707;AT0711;AT0714;AT0716;AT0717;AT0721;AT0722;AT0723;AT0725;AT1004;AT1005;AT1007;AT1015;AT1202;AT1314;AT1403;AT1405;Lake
monechmafoliosum,
grammomyscometes,
alliumcepa,AA0801;PA0402;PA0405;PA0409;PA0436;PA0445;PA0608;PA1215
dicomaschinzii,
centropussuperciliosus,AT0101;AT0108;AT0109;AT0115;AT0116;AT0705;AT0706;AT0711;AT0714;AT0715;AT0716;AT0717;AT0721;AT0725;AT1004;AT1005;AT1008;AT1012;AT1202;AT1320;AT1402;Lake
varanusexanthematicus,AT0109;AT0713;AT0725;AT0902;AT1316
alcelaphusbuselaphus,AT0108;AT0125;AT0705;AT0711;AT0712;AT0714;AT0716;AT0717;AT0721;AT0722;AT0902;AT1004;AT1012;AT1201;AT1309
mungosmungo,AT0101;AT0109;AT0116;AT0702;AT0711;AT0714;AT0715;AT0716;AT0725;AT0726;AT0902;AT0907;AT1004;AT1309;AT1316;PA1207
parotomyslittledalei,
alectraorobanchoides,
balaenopteraacutostrata,AA0409;NA0411;NA0605;NT1304;PA0429;PA0436;PA0602
cheilantheshirta,
eremopterixleucotis,AT0112;AT0702;AT0709;AT0711;AT0712;AT0713;AT0715;AT0717;AT0719;AT0722;AT0725;AT0726;AT0902;AT0907;AT0908;AT1004;AT1010;AT1314;AT1315
eleusineindica,AA0402;AA0409;NA0405;NA0413;NA0814;NT0109;PA0402;PA0432;PA1212;PA1215
talinumarnotii,
eucleacrispa,AT0704;AT1015
sansevieriaaethiopica,AT0907
musminutoides,AT0124;AT0707;AT0718;PA0402
najanigricollis,AT0114;AT0130;AT0707;AT0711
varanusniloticus,AT0109;AT0110;AT0116;AT0125;AT0126;AT0705;AT0707;AT0711;AT0713;AT0714;AT0715;AT0716;AT0719;AT0721;AT0722;AT0725;AT0726;AT0905;AT0907;AT1004;AT1009;AT1314;AT1403;Lake
munduleasericea,AT1309
bathyergussuillus,
cissusquadrangularis,AT0722;IM0146;IM0154
eupodotisruficrista,AT0702;AT0709;AT0711;AT0717;AT0725;AT0726;AT0902;AT0907;AT1004;AT1009;AT1309;AT1316
synceruscaffer,AT0101;AT0102;AT0108;AT0125;AT0706;AT0709;AT0711;AT0714;AT0716;AT0721;AT0725;AT0726;AT0907;AT1004;AT1005;AT1012;AT1309
phacochoerusafricanus,AT0108;AT0119;AT0125;AT0128;AT0702;AT0705;AT0707;AT0709;AT0711;AT0714;AT0715;AT0716;AT0717;AT0721;AT0722;AT0725;AT0726;AT0902;AT0907;AT1004;AT1005;AT1012;AT1309;AT1316
nandiniabinotata,AT0102;AT0110;AT0111;AT0114;AT0130;AT0707;AT0721;PA0501
elephantorrhizaelephantina,
nidorellaresedifolia,AT0907;AT1015
pentarrhinuminsipidum,
giraffacamelopardalis,AT0108;AT0125;AT0702;AT0711;AT0714;AT0716;AT0717;AT0721;AT0722;AT0725;AT0901;AT0902;AT1004;AT1005;AT1006;AT1012;AT1309;AT1316
steatomysparvus,
hypolimnasmisippus,AT0111;AT0116;AT0117;AT0123;AT0127;AT0130;AT0704;AT0711;AT0713;AT0715;AT0717;AT0719;AT0721;AT0722;AT0725;AT0726;AT1001;AT1004;AT1009;AT1302;AT1321;AT1405;IM0124;IM0209
cleomeangustifolia,
hystrixafricaeaustralis,AT0702;AT0709;AT1004;AT1203;AT1309;AT1316
rousettusaegyptiacus,AT0101;AT0102;AT0112;AT0114;AT0126;AT0130;AT0721;AT0722;PA1303
laniusminor,PA0422;PA0436;PA0445;PA0608;PA0805;PA1201;PA1220
pyxicephalusadspersus,AT0702;AT0725;AT0907;AT1309;AT1316
eupodotisafra,AT0702;AT0709;AT0717;AT0902;AT1009;AT1201;AT1202;AT1203;AT1309;AT1314;AT1322
physetermacrocephalus,AA0402;NA0517;NA0529;NA0701;PA0402
ziziphuszeyherana,
scopusumbretta,AT0101;AT0108;AT0112;AT0119;AT0125;AT0704;AT0705;AT0706;AT0707;AT0711;AT0715;AT0716;AT0721;AT0722;AT0725;AT1005;AT1007;AT1403;Lake
cephalophusnatalensis,AT0119;AT0714;AT0725;AT1004
monechmaincanum,
kyllingaalata,AT0907
capereamarginata,AA0409;AA0413;AA1206
genettatigrina,AT0707;AT0716;AT0719;AT0725;AT1403
elephantulusfuscus,
crocodylusniloticus,AT0116;AT0711;AT0713;AT0714;AT0715;AT0716;AT0721;AT0722;AT0725;AT0726;AT0907;AT1004;AT1309;AT1403;NT0164
creatophoracinerea,AT0108;AT0706;AT0709;AT0711;AT0714;AT0715;AT0716;AT0717;AT0719;AT0721;AT0725;AT0726;AT0907;AT0908;AT1007;AT1009;AT1309
hippotragusniger,AT0125;AT0709;AT0717;AT0719;AT0725;AT0726;AT0907;AT1009;AT1309
heloiosciurusmutabilis,AT0725
taphozousperforatus,AT0707;AT0711;AT0722;AT1402
rhynchogalemelleri,
spirostachysafricana,
musmusculus,AA0402;AA0405;AA0406;AA0801;AA1003;AA1205;NT0310;OC0106;PA0402;PA0405;PA0409;PA0412;PA0425;PA0429;PA0431;PA0436;PA0445;PA0608
helichrysumargyrosphaerum,AT1004
miniopterusschreibersi,PA0402;PA0433;PA0445;PA0501;PA1204;PA1211;PA1215;PA1217;PA1222
hipposideroscommersoni,AT0202;AT1312
solanumcoccineum,
ichneumiaalbicauda,AT0116;AT0716;AT0719;AT0725
mormopterusacetabulosus,
cryptochloriswintoni,
acaciacaffra,
coraciascaudatus,AT0108;AT0109;AT0119;AT0125;AT0704;AT0711;AT0714;AT0715;AT0716;AT0717;AT0725
parotomysbrantsii,AT1309
chaerephonchapini,
brachystelmacupulatum,
taurotragusoryx,AT0108;AT0702;AT0711;AT0714;AT0716;AT0725;AT0726;AT1004;AT1009;AT1202;AT1203;AT1309;AT1314
crociduraolivieri,AT0111;AT0130
tytoalba,AA0117;AT1007;NA0413;NA0414;NA0510;NA0512;NA0516;NA0519;NA0524;NA0801;NA0814;NA1201;NA1202;NA1203;NA1302;NA1305;NA1308;NA1309;NA1310;NA1312;NT0176;PA0402;PA0406;PA0421;PA0445;PA1201;PA1209;PA1215
xerusprinceps,AT0701
nycteristhebaica,AT0725;AT1202;AT1309
eptesicuscapensis,
turdoidesbicolor,AT0702;AT0709;AT0717;AT0725;AT0726;AT0902;AT0907;AT0908;AT1309;AT1316
amblysomushottentotus,
triumfettarhomboidea,AA0402;AT0130;AT0713;AT0722
nycterismacrotis,AT0704;AT0707
neorautaneniaamboensis,
pronolaguscrassicaudatus,
chaerephonansorgei,
dendrohyraxarboreus,AT0108;AT0109;AT0711;AT0714;AT0716;AT0717;AT0725
corythaixoidesconcolor,AT0101;AT0704;AT0709;AT0716;AT0717;AT0719;AT0721;AT0725;AT0726;AT0907;AT0908;AT1009;AT1316
scotoecusalbofuscus,AT0722
grewiaflavescens,AT0707;AT0713;AT0722;AT0907;AT1309
kedrostishirtella,
rhustenuinervis,AT0907;AT1309
tragiarupestris,
pipistrellusrusticus,
falcorupicoloides,AT0108;AT0702;AT0709;AT0711;AT0714;AT0716;AT0717;AT0725;AT0726;AT0902;AT0908;AT1004;AT1009;AT1202;AT1203;AT1309;AT1314;AT1315;AT1316;AT1322
pollichiacampestris,
rhuspyroides,AT1004;AT1015
corvuscapensis,AT0108;AT0112;AT0116;AT0702;AT0709;AT0711;AT0714;AT0716;AT0725;AT0902;AT0908;AT1003;AT1004;AT1005;AT1007;AT1008;AT1009;AT1201;AT1202;AT1203;AT1314;AT1316
dicerosbicornis,AT0108;AT0116;AT0119;AT0702;AT0711;AT0716;AT0717;AT0725;AT0902;AT0907;AT1201;AT1309;AT1316;NA0414;NA0415;NA0804;NA0814;NA0815
myosorexlongicaudatus,
pipistrellusrueppelli,
onychognathusmorio,AT0108;AT0109;AT0115;AT0116;AT0711;AT0714;AT0716;AT0725;AT1003;AT1004;AT1005;AT1007;AT1009;AT1012;AT1202;AT1203;AT1314
arctocephalustropicalis,AA0402
plectropterusgambensis,AT0107;AT0108;AT0112;AT0116;AT0119;AT0704;AT0705;AT0707;AT0711;AT0713;AT0714;AT0715;AT0716;AT0717;AT0721;AT0722;AT0725;AT0726;AT0907;AT1004;AT1005;AT1007;AT1009;AT1202;AT1405
dendromusmelanotis,
cucumisafricanus,
combretumcollinumsubspgazense,AT0722;AT0725
arctocephaluspusillus,AA0402;AA0409;AT1203;AT1315;AT1322;NA1306
hydrictismaculicollis,AT0101;AT0130;Lake
galerellaflavescens,
laephotisnamibensis,
neotragusmoschatus,
tragelaphusspekeii,AT0704;AT0721;AT0725
brachystelmaarnotii,
petrodromustetradactylus,AT0125
gymnosporiaheterophylla,
melieraxcanorus,AT0702;AT0709;AT0717;AT0725;AT0726;AT0902;AT0907;AT1009;AT1201;AT1202;AT1203;AT1309;AT1314;AT1315;AT1316;AT1322
elephantulusintufi,AT1316
otocyonmegalotis,AT0108;AT0709;AT0714;AT0716;AT0725;AT0902;AT0908;AT1309;AT1315
ourebiaourebi,AT0714;AT0716;AT0721;AT0722;AT0725;AT0726
crotalariadamarensis,
schoenoplectusmuricinux,
trachyphonusvaillantii,AT0109;AT0119;AT0716;AT0717;AT0719;AT0725;AT0907;AT1004;AT1009;AT1012
gerbillurustytonis,
cistugoseabrai,
geochelonepardalis,AT0709;AT0711;AT0714;AT0716;AT0717;AT0725;AT0726;AT0902;AT1004;AT1201;AT1203;AT1309;AT1314;AT1316
choiromycesechinulatus,
myrmecocichlaformicivora,AT0702;AT0709;AT0717;AT0725;AT0902;AT0908;AT1004;AT1009;AT1202;AT1203;AT1309;AT1314;AT1315;AT1316;AT1322
psammobatesoculiferus,AT0709;AT0726
malacothrixtypica,
chaerephonbivittatus,
scotophilusdinganii,AT0111;AT0711;AT0715;AT0719
myotisbocagei,
ceratotheriumsimum,AT0119;AT0702;AT0709;AT0711;AT0717;AT0719;AT0721;AT0725;AT0726;AT0902;AT0907;AT1004;AT1012;AT1201;AT1309;AT1316;NA0414
pulexirritans,PA0409;PA0429
solanumtuberosum,AA0405;AA0801;NT0153;NT0310;PA0402;PA0405;PA0436;PA0445;PA0608;PA1203
gerbillurussetzeri,
orycteropusafer,AT0709;AT1004;AT1309;AT1316
glaucidiumperlatum,AT0108;AT0702;AT0704;AT0706;AT0707;AT0709;AT0711;AT0714;AT0715;AT0716;AT0717;AT0719;AT0722;AT0725;AT0726;AT0902;AT0907;AT1002;AT1007;AT1008;AT1309;AT1316
mimusopszeyheri,
capparistomentosa,AT0713;AT0719;AT0722;AT0907
ficusingens,AT0130;AT0704;AT0707;AT0722;Lake
sitophilusgranarius,PA0405;PA0436;PA0608
cephalorhynchusheavisidii,
helioboluslugubris,AT1309;AT1316
funisciuruscongicus,AT0110;AT1316
aloezebrina,
trachylepisstriata,AT0109;AT0701;AT0704;AT0706;AT0711;AT0716;AT0717;AT0725;AT0908;AT1007;AT1316;AT1402;AT1405
elephantulusrupestris,
sesamumtriphyllum,
anthephorapubescens,
motacillacapensis,AT0101;AT0108;AT0115;AT0116;AT0702;AT0717;AT0721;AT0725;AT0907;AT1003;AT1004;AT1009;AT1012;AT1013;AT1202;AT1203;AT1309;AT1315;AT1316;AT1405;Lake
bitisarietans,AT0114;AT0701;AT0707;AT0711;AT0719;AT0725;AT1004;AT1009;AT1309;AT1321;AT1403
strychnosmadagascariensis,
meropshirundineus,AT0108;AT0119;AT0125;AT0702;AT0704;AT0705;AT0706;AT0707;AT0709;AT0719;AT0721;AT0722;AT0725;AT0726;AT0902;AT0907;AT1001;AT1309;AT1314;AT1315;AT1316;AT1403
rhinolophusdarlingi,AT0725
gerrhosaurusnigrolineatus,
lemniscomysrosalia,AT0109;AT0706;AT0716
pytiliamelba,AT0108;AT0109;AT0702;AT0704;AT0709;AT0711;AT0714;AT0716;AT0717;AT0721;AT0725;AT0726;AT0907;AT1007;AT1009;AT1013;AT1309;AT1316
lagenariasiceraria,AT0110;NT0310;PA0436;PA1201;PA1209
physalisangulata,AT0110;AT0114;AT0130;AT0707;AT0722;NA0412;NA0814;NT0121;NT0137;PA0402;PA0412;PA0445
turnixsylvatica,AT0101;AT0119;AT0704;AT0705;AT0711;AT0714;AT0716;AT0717;AT0722;AT0725;AT0907;AT1004;AT1309;AT1316;IM0113;IM0149;IM0166;IM0201;IM0202;IM0207
musneavei,
priniaflavicans,AT0702;AT0709;AT0717;AT0726;AT0902;AT0907;AT0908;AT1009;AT1309;AT1310;AT1315;AT1316
ictonyxstriatus,AT0709;AT0902;AT1309;AT1316
varanusalbigularis,AT0119;AT0709;AT0716;AT0725;AT0726;AT0902;AT0907;AT1201;AT1309;AT1316
eragrostislehmanniana,
damaliscuspygargusdorcas,AT0702;AT0719;AT1004;AT1009;AT1012;AT1202;AT1203;AT1309
chaerephonnigeriae,
gerrhosaurusflavigularis,AT1004;NA0701
oleaeuropaeaafricana,AT1306;NA1201;NA1202;PA0402;PA0445;PA0501;PA1201;PA1209;PA1211;PA1214;PA1215;PA1221;PA1222
gazaniakrebsianaserrulata,AT1004;AT1015
procaviacapensis,AT0108;AT0114;AT0704;AT0705;AT0711;AT0714;AT0715;AT0716;AT1004;AT1009;AT1202;AT1203;AT1309;AT1314;AT1315;AT1316;AT1321;PA1207;PA1303;PA1320
lanneadiscolor,AT1015
accipiterbadius,AT0111;AT0123;AT0705;AT0707;AT0711;AT0716;AT0717;AT0721;AT0722;AT0725;AT1306;AT1403;IM0111;IM0116;IM0124;IM0126;IM0134;IM0135;IM0137;IM0139;IM0151;IM0154;IM0166;IM0201;IM0202;IM0204;IM0206;IM0207;IM0208;IM0209;IM0210;IM0212;IM0901;IM1301
otopteraburchellii,
coturnixcoturnix,Lake;PA0402;PA0405;PA0431;PA0436;PA0445;PA0608;PA1209;PA1221
corallocarpusbainesiihookfameeuse,
danauschrysippus,AA0402;AA1304;AT0108;AT0117;AT0123;AT0125;AT0127;AT0201;AT0705;AT0707;AT0709;AT0711;AT0719;AT0722;AT0725;AT0726;AT0902;AT0907;AT1006;AT1009;AT1013;AT1302;AT1306;AT1309;AT1312;AT1316;AT1320;AT1401;IM0111;IM0120;IM0124;IM0131;IM0134;IM0146;IM0149;IM0151;IM0201;IM0203;IM0209;IM0212;PA1201;PA1203;PA1205;PA1207;PA1214;PA1221;PA1333
oenacapensis,AT0112;AT0706;AT0709;AT0711;AT0713;AT0714;AT0715;AT0716;AT0717;AT0722;AT0725;AT0726;AT0901;AT0905;AT0907;AT0908;AT1005;AT1007;AT1008;AT1202;AT1302;AT1306;AT1320;PA1303;PA1323;PA1325
themedatriandra,AA0402;AA0409;AT0725;PA1207
myosorexvarius,
paracynictisselousi,
pentziaincana,
euplectesorix,AT0101;AT0108;AT0119;AT0705;AT0711;AT0714;AT0716;AT0717;AT0721;AT0725;AT0726;AT0907;AT1004;AT1009;AT1012;AT1013;AT1202;AT1306;AT1314;AT1405
cynictispenicillata,AT0702;AT0709;AT0725;AT0902;AT1004;AT1009;AT1012;AT1309;AT1316
tragelaphusscriptus,AT0101;AT0108;AT0111;AT0114;AT0130;AT0707;AT0709;AT0711;AT0714;AT0716;AT0717;AT0721;AT0722;AT0725;AT0726;AT0907;AT1004;AT1005;AT1309;AT1403
pachydactyluscapensis,AT1322
fimbristylishispidula,AT0111;AT0707;AT0713;AT0722
gnidiapolycephala,AT1309
pterococcusafricanus,
chrysochlorisasiatica,
momordicabalsamina,AT0707;AT0713;AT0722;NT0218
sylvisorexmegalura,
pronolagusrupestris,
leptoptiloscrumeniferus,AT0108;AT0705;AT0711;AT0714;AT0715;AT0716;AT0717;AT0719;AT0722;AT0725;AT0726;AT0902;AT0907;AT1004;AT1007;AT1309;Lake
solanumcapense,
mopsmidas,
tadaridafulminans,
otomysslogetti,
acaciasenegal,AT0707;AT0713;AT0722;AT0903;AT1309
crociduracyanea,
petromyscusshortridgei,
pantheraparduspardus,AT0101;AT0108;AT0125;AT0130;AT0702;AT0711;AT0714;AT0716;AT0722;AT0725;AT0726;AT0902;AT0907;AT0908;AT1004;AT1309;AT1316;IM0123;IM0206;IM0212;PA0402;PA0404;PA0431;PA0445;PA0501;PA0814;PA1210
lebeckialinearifolia,
berkheyaradula,
brideliamollis,
megapteranovaeangliae,NA0519;NA0520;NA1202;NT0217;OC0202
eubalaenaaustralis,AA0402;AA0409;AT0116;AT1202;NT0402;NT0802;NT0805
chaerephonpumilus,
grewiaflava,AT1309
acrotomeinflata,AT0702
tockusflavirostris,AT0112;AT0702;AT0709;AT0711;AT0715;AT0716;AT0717;AT0725;AT0726;AT1007;AT1008;AT1309;AT1313
crocidurahirta,
lepuscapensis,AA0402;AA0409;AA1001;AT1316;PA0411;PA0412
dipcadilongifolium,
aethomyssilindensis,
acacianiloticasubspkraussiana,AT0707;AT0711;AT0713;AT0722;AT0725;AT0903;AT1004;AT1320;NT0704;PA1329
eptesicusrendallii,
pouzolziahypoleuca,
tylosemaesculentum,
clamatorglandarius,AT0111;AT0112;AT0714;AT0715;AT0716;AT0717;AT0721;AT0722;AT0725;AT1008;PA0406;PA1206;PA1207;PA1209;PA1212;PA1215;PA1221;PA1303;PA1320;PA1325
melhaniaacuminata,
dichrostachyscinerea,AT0103;AT0114;AT0130;AT0702;AT0707;AT0713;AT0722;AT0725;AT0907;AT1015;AT1309;AT1403;IM0212
dicomaanomala,AT1015
equuszebrazebra,AT0702;AT1201;AT1309;AT1314;AT1316;AT1322
tarchonanthuscamphoratus,
damaliscuslunatus,AT0101;AT0119;AT0709;AT0714;AT0716;AT0717;AT0719;AT0721;AT0725;AT0726;AT0907
uraeginthusgranatinus,AT0702;AT0709;AT0717;AT0726;AT0902;AT1309;AT1316
viduamacroura,AT0101;AT0107;AT0108;AT0109;AT0111;AT0116;AT0119;AT0125;AT0707;AT0711;AT0714;AT0716;AT0717;AT0719;AT0721;AT0722;AT0725;AT1003;AT1004;AT1007;AT1009;AT1013;AT1202;AT1402;AT1403;NA1201;NT0155;NT0226
crociduraflavescens,
aethomysgranti,
pseudorcacrassidens,AT0120
sporopipessquamifrons,AT0702;AT0709;AT0717;AT0725;AT0726;AT0902;AT0907;AT0908;AT1004;AT1309;AT1310;AT1314;AT1315;AT1316
numidameleagris,AA0402;AT0108;AT0109;AT0111;AT0115;AT0116;AT0705;AT0711;AT0714;AT0715;AT0716;AT0717;AT0721;AT0722;AT0725;AT1004;AT1203;AT1309;AT1314;NA0414;NT0127;NT0155;NT0226;NT1402;PA0445;PA1205
camponotusmaculatus,
poecilogalealbinucha,
musorangiae,
orbeopsisknobelii,
priniasubflava,AT0101;AT0108;AT0109;AT0111;AT0112;AT0114;AT0116;AT0119;AT0130;AT0704;AT0707;AT0711;AT0714;AT0716;AT0721;AT0722;AT0725;AT1004;AT1005;AT1007;AT1009;AT1012;Lake
kerivoulaargentata,AT0711;AT0722
asparagusbechuanicus,
vangueriainfausta,AT0717;AT0907
psydraxlivida,
globicephalamacrorhynchus,NA0413;NA0517;NA0529;NT0904;NT1401;PA1203
psammophylaxtritaeniatus,AT0709;AT0725
leonotismicrophylla,
cryptomysdamarensis,
neoromiciazuluensis,
desmodillusauricularis,
mabouyapunctatissima,
felisnigripes,
colophospermummopane,AT0702;AT0717;AT0725;AT0726;AT0902;AT0907;AT1316
bubalornisalbirostris,AT0707;AT0711;AT0712;AT0713;AT0715;AT0716;AT0721;AT0722;AT1403
gerbilurusvallinus,
globicephalamelas,PA0436
terathopiusecaudatus,AT0101;AT0125;AT0705;AT0706;AT0711;AT0714;AT0715;AT0716;AT0721;AT0722;AT0725;AT1007;AT1013
pellaeacalomelanos,PA1215
terminaliasericea,AT0709;AT0726
ximeniacaffra,AT0907
aptosimumlineare,
laephotiswintoni,AT0711
pycnonotusbrunneus,AT1309;AT1314;AT1316;IM0102;IM0103;IM0144;IM0146;IM0152;IM0163;IM0167;IM1001;IM1404
grampusgriseus,AA0402;NA0410;NA1201;NA1203;NT0155;NT1301
dendromusmesomelas,
mystromysalbicaudatus,
cercopithecusalbogularis,AT0125;AT0907
turdoidesjardineii,AT0101;AT0108;AT0706;AT0709;AT0711;AT0714;AT0716;AT0717;AT0721;AT0725;AT0726;AT0907;AT1009
pycnonotusbarbatus,AT0101;AT0108;AT0109;AT0111;AT0116;AT0123;AT0705;AT0707;AT0711;AT0713;AT0714;AT0715;AT0716;AT0721;AT0722;AT0725;AT1003;AT1004;AT1009;AT1012;AT1403;AT1405;Lake;PA0904;PA1207;PA1212;PA1214;PA1321
pechuelloeschealeubnitziae,AT0907;AT1309
galerellapulverulenta,AT1203
erythropygiapaena,
combretumhereroense,AT0709;AT0907
combretumapiculatum,AT1309;AT1316
hibiscusengleri,
equusquagga,AT0108;AT0706;AT0709;AT0711;AT0714;AT0716;AT0717;AT0719;AT0721;AT0725;AT0726;AT0901;AT0902;AT0907;AT0908;AT1004;AT1005;AT1006;AT1012;NA1202
myrmeleonquinquemaculatus,
corallocarpustriangularis,
rhinolophushildebrandtii,AT0711
madoquakirkii,AT0108;AT0702;AT0711;AT0714;AT0716;AT0902;AT1309
raphiceruscampestris,AT0702;AT0709;AT0714;AT0716;AT0717;AT0725;AT0726;AT0902;AT0907;AT0908;AT1202;AT1309;AT1314;AT1316
lagenodolphishosei,AA0402;AA0409
sidachysantha,
kinixysbelliana,AT0110;AT0725
laniuscollaris,AT0108;AT0109;AT0115;AT0116;AT0119;AT0702;AT0704;AT0714;AT0715;AT0716;AT0717;AT0725;AT1003;AT1004;AT1005;AT1007;AT1009;AT1012;AT1202;AT1203;AT1310;AT1314;AT1316
myomysverreauxii,
pseudogaltoniaclavata,
galagoidesgranti,
genettagenetta,AT0108;AT0114;AT0702;AT0714;AT0716;AT0722;AT0725;AT0726;AT1309;PA0402;PA0406;PA0445;PA1209;PA1215;PA1216;PA1221
nycterisgrandis,AT0102;AT0109;AT0114;AT0130
ehretiarigida,
aethomyschrysophilus,AT0109;AT0704;AT0716
corvusalbicollis,AT0101;AT0108;AT0109;AT0115;AT0116;AT0704;AT0711;AT0714;AT0716;AT0717;AT0719;AT1003;AT1004;AT1005;AT1009;AT1012;AT1013;AT1202;AT1203;AT1314
cloeotispercivali,AT0725
rhinolophuscapensis,
galerellasanguinea,AT0716;AT0725;AT0726;AT1009;AT1309;AT1316
crotalarialotoides,
pipistrellusnanus,AT0109;AT0111;AT0126;AT0707;AT1402
agamaagama,AT0102;AT0107;AT0108;AT0109;AT0111;AT0114;AT0123;AT0125;AT0126;AT0130;AT0704;AT0707;AT0711;AT0713;AT0714;AT0715;AT0716;AT0719;AT0722;AT0723;AT0905;AT1002;AT1309;AT1315;AT1316;AT1401;AT1403;NT0164
acaciafleckiischinz,
crocidurasilacea,
searsialeptodictya,
tadaridalobata,
clematisoweniae,
rhabdomyspumilio,AT0108;AT0902;AT1005;AT1309;AT1313;AT1316
hippopotamusamphibius,AT0102;AT0108;AT0119;AT0709;AT0711;AT0714;AT0716;AT0719;AT0721;AT0722;AT0725;AT0726;AT0907;AT1004;AT1309;Lake
melieraxgabar,AT0101;AT0108;AT0125;AT0128;AT0702;AT0704;AT0705;AT0707;AT0709;AT0711;AT0714;AT0715;AT0716;AT0721;AT0722;AT0725;AT0726;AT0902;AT0907;AT0908;AT1007;AT1009;AT1309;AT1315;AT1316;AT1320;Lake
rhinolophussimulator,AT1007
damaliscuspygargusphillipsi,AT0702;AT0719;AT1004;AT1009;AT1012;AT1202;AT1203;AT1309
leucasmartinicensis,AT0722;AT1015
hermbstaedtialinearis,
phacochoerusaethiopicus,AT0112;AT0125;AT0711;AT0715;AT1316;NA0414
strychnospungens,
conyzabonariensis,AA0402;AA0409;AA0801;NA1201;NT0109;NT0136;PA0402;PA0406;PA1212;PA1215;PA1221;PA1222
carebaravidua,
dipcadimarlothiiengl,
burhinuscapensis,AT0111;AT0116;AT0705;AT0711;AT0714;AT0715;AT0716;AT0717;AT0721;AT0722;AT0725;AT1004;AT1009;AT1012;AT1201;AT1202;AT1203;AT1314
chrysospalaxtrevelyani,
bitiscaudalis,AT1314;AT1315
gnaphaliumundulatum,PA0402
herpestesichneumon,AT0111;AT0709;AT0712;AT0714;AT0716;PA1207;PA1209;PA1212;PA1221;PA1303
steatomyskrebsii,
prionopsplumatus,AT0108;AT0111;AT0112;AT0119;AT0125;AT0702;AT0705;AT0707;AT0711;AT0715;AT0716;AT0721;AT0722;AT0725;AT0726;AT0907;AT1008
combretumerythrophyllum,
citrulluslanatus,AA0402;AA0409;AA0802;AA1207;PA0402;PA0436;PA0608;PA1201;PA1221
eidolonhelvum,AT0101;AT0102;AT0103;AT0107;AT0108;AT0111;AT0119;AT0126;AT0127;AT0130;AT0704;AT0707;AT0713;AT0716;AT0721;AT0722;AT0723;AT0906;AT1320;AT1401;AT1403
eucleaundulata,AT1015;AT1309
gerbilluruspaeba,
cannabissativa,NA0414;NA0805;NA0807;PA0402;PA0405;PA0412;PA0431;PA0436;PA0445;PA0608;PA0814
aervaleucura,AT0907;AT1015;AT1309
rhigozumtrichotomum,AT1309
hermbstaedtiafleckii,
canislupusfamiliaris,AA0402;AA0407;AA0409;AA0701;AA0801;AA1003;AA1304;AT0108;AT0716;NA0303;NA0402;NA0405;NA0407;NA0414;NA0501;NA0503;NA0519;NA0523;NA0524;NA0528;NA0608;NA0804;NA0806;NA0814;NA1101;NA1201;NA1203;NA1302;NA1310;NT0145;PA0402;PA0404;PA0406;PA0412;PA0417;PA0431;PA0445;PA1103;PA1201;PA1215;PA1303
schmidtiakalihariensis,
hoffmannseggiaburchellii,
burkeaafricana,AT0111;AT0722
taterainclusa,
miniopterusinflatus,AT0130;AT0711
antidorcasmarsupialis,AT0702;AT0709;AT0902;AT1009;AT1309;AT1315;AT1316
antizomaangustifolia,
commiphoraglandulosa,AT1309
taphozousmauritianus,AT0119;AT0202;AT0701;AT0704;AT0705;AT0707;AT0717;AT0719;AT0721;AT0725;AT0726;AT0907;AT1401
petroniasuperciliaris,AT0108;AT0116;AT0119;AT0702;AT0704;AT0709;AT0716;AT0717;AT0719;AT0725;AT0726;AT0902;AT0907;AT1004;AT1006;AT1012;AT1309
prodotiscusregulus,AT0101;AT0108;AT0109;AT0119;AT0704;AT0711;AT0715;AT0716;AT0717;AT0719;AT0725;AT0726;AT0907;AT1003;AT1004;AT1006;AT1008;AT1009;AT1012;AT1014;AT1202;AT1203;AT1405
coraciasnaevia,AT0702;AT0707;AT0709;AT0711;AT0715;AT0716;AT0722;AT0725;AT0726;AT0902;AT0907;AT0908;AT1309;AT1315;AT1316
maeruaangolensis,AT0722
rhinoptiluschalcopterus,AT0119;AT0128;AT0702;AT0704;AT0707;AT0709;AT0712;AT0716;AT0717;AT0719;AT0722;AT0725;AT0907;AT1004;AT1009;AT1309;AT1316
scadoxuspuniceus,AT1015
pupalialappacea,AT0713;AT0722;PA1208;PA1209;PA1216;PA1221
galagomoholi,AT0709;AT0717;AT0725;AT1004;AT1309
crotalariaorientalis,
dicomacapensis,
feresaattenuata,AA0402;NA0513;NA0529;NT0155;NT0176;NT0178;NT1315
graphiurusplatyops,
mustriton,AT0718
dicerocaryumzanguebarium,
aonyxcapensis,AT0719;AT0721;AT0725;AT0726;AT0907;AT1403
balaenoptera musculus,AA0402;AA0409;AA0411;NA0605;NA0611;NA1201;PA0402;PA0408
amadinaerythrocephala,AT0702;AT0709;AT0717;AT0725;AT0902;AT0907;AT1002;AT1004;AT1009;AT1309;AT1314;AT1316
tadaridaaegyptiaca,AT0717;AT1309
scillanervosa,AT1015
searsialancea,
osyrislanceolata,AT0704;PA1209;PA1214;PA1221
heliotropiumovalifolium,
rhinolophusdenti,
nycticeinopsschlieffenii,AT0722
asparagusafricanus,AA0402;AT0130;AT0707;AT0713;AT0722;AT0907
brevicepsadspersus,
najahaje,
taterabrantsii,
monechmagenistifolium,
connochaetestaurinus,AT0108;AT0702;AT0709;AT0711;AT0714;AT0716;AT0717;AT0725;AT0902;AT0907;AT0908;AT1004;AT1309
ardeotiskori,AT0108;AT0112;AT0702;AT0711;AT0714;AT0715;AT0716;AT0725;AT0726;AT0901;AT0902;AT0907;AT0908;AT1007;AT1009;AT1316
rhinolophusswinnyi,
peltophorumafricanum,
kobusellipsiprymnus,AT0101;AT0108;AT0119;AT0125;AT0702;AT0709;AT0711;AT0714;AT0716;AT0717;AT0719;AT0721;AT0725;AT0726;AT0907;AT1004;AT1005;AT1009;AT1309
ovisaries,AA0402;AA0405;AA0408;AA0409;AA0801;AA0802;AA1003;NA1309;NA1312;NT0121;OC0202;PA0431;PA0436;PA0445;PA0501;PA0602;PA0608
crociduramariquensis,
philantombamonticola,AT0102
connochaetesgnou,AT0716;AT0725;AT1004;AT1009;AT1012;AT1309
cucumiskalahariensis,
ficussalicifolia,
cordylustropidosternum,AT0719
psophocichlalitsitsirupa,AT0112;AT0119;AT0701;AT0702;AT0709;AT0717;AT0725;AT0902;AT0907;AT1001;AT1004;AT1007;AT1008;AT1009;AT1309;AT1316
ornithogalumlongibracteatum,
acaciakarroo,AT1004;AT1012;AT1203;AT1309;AT1316;PA1221;PA1222
oryxgazella,AT0702;AT0709;AT0726;AT0902;AT0908;AT1012;AT1201;AT1309;AT1314;AT1316;AT1322;NA1304
raphicerussharpei,AT0725;AT1004
tribuluszeyheri,AT1315
otomysirroratus,
chrysococcyxcaprius,AT0101;AT0107;AT0108;AT0111;AT0112;AT0116;AT0119;AT0705;AT0707;AT0711;AT0714;AT0716;AT0717;AT0721;AT0725;AT1004;AT1005;AT1009;AT1012;AT1013;AT1401;Lake
acanthosicyosnaudinianus,
leptonychotesweddellii,AN1101;AN1102;AN1103
pelomysfallax,
mormopteruspetrophilus,
otusleucotis,AT0107;AT0108;AT0111;AT0704;AT0705;AT0707;AT0711;AT0713;AT0715;AT0716;AT0721;AT0722;AT0902;AT1010;AT1316;AT1401;AT1403
acomysspinosissimus,AT0716
tadaridaventralis,AT0716
geigeriaburkei,
locustamigratoriamigratorioides,AA0405;AA0406;PA0402;PA0405;PA0432;PA0436;PA0445;PA0608;PA0814;PA1201;PA1207;PA1209;PA1211;PA1215;PA1221;PA1222
grewiaretinervis,
pantheraleo,AT0101;AT0108;AT0702;AT0709;AT0711;AT0714;AT0716;AT0721;AT0725;AT0726;AT0902;AT0907;AT1012;AT1316
viduaregia,AT0116;AT0702;AT0704;AT0709;AT0717;AT0725;AT0726;AT0902;AT0907;AT0908;AT1004;AT1009;AT1309
stipagrostisobtusa,
tapinanthusnatalitius,
xenostegiatridentata,AT0707;AT0713;AT0722
acaciarobusta,
stipagrostisamabilis,
lonchocarpusnelsii,AT0907;AT1309
aepycerosmelampuspetersi,AT0702;AT0709;AT0711;AT0714;AT0716;AT0717;AT0719;AT0725;AT0726;AT0902;AT0907;AT1004;AT1006;AT1012;AT1309;AT1316
plocepassermahali,AT0108;AT0109;AT0112;AT0125;AT0706;AT0711;AT0715;AT0716;AT0717;AT0725;AT1007;AT1008;AT1314
nycterishispida,AT0125;AT0126;AT0130;AT1403
acacianigrescens,AT0725;AT0907
passergriseus,AT0101;AT0107;AT0108;AT0111;AT0114;AT0121;AT0130;AT0704;AT0705;AT0706;AT0707;AT0711;AT0716;AT0721;AT0722;AT0723;AT0905;AT1007;AT1013;AT1401;AT1402;AT1403;Lake
bdeogalecrassicauda,
suncuslixus,
bosciaalbitrunca,AT0717;AT0907;AT1009;AT1309
atelerixfrontalis,AT0717
ziziphusmucronata,AT0707;AT0711;AT0722;AT0907;AT1015;AT1309
dichapetalumcymosum,
otolemurcrassicaudatus,AT0108;AT0125;AT0717;AT0725;AT1004
cryptomyshottentotus,
civettictiscivetta,AT0102;AT0108;AT0111;AT0114;AT0130;AT0707;AT0711;AT0714;AT0719;AT0725;AT1403
xerusinauris,AT0702;AT0709;AT0725;AT0902;AT0908;AT1004;AT1309;AT1315;AT1316
terfeziapfeilii,
genettamaculata,AT0725
streptopeliacapicola,AT0101;AT0108;AT0109;AT0711;AT0714;AT0716;AT0717;AT0721;AT0725;AT1003;AT1004;AT1007;AT1009;AT1202;AT1314
helichrysumparonychioides,
ceropegiamultiflorasubsptentaculata,
graphiuruskelleni,
struthiocamelus,AT0108;AT0109;AT0709;AT0711;AT0714;AT0715;AT0716;AT0717;AT0725;AT1006;AT1009;AT1202;AT1314
englerophytummagalismontanum,AT0130;AT0719
geigeriapectidea,
peleacapreolus,
thallomyspaedulcus,
graphiurusmurinus,AT1004
hipposideroscaffer,AT0111;AT0114;AT0125;AT0707;AT1316
parinaricapensis,
georychuscapensis,
atilaxpaludinosus,AT0130;AT0704;AT0707;AT0716;AT0722;AT0725;AT1402;AT1403
neamblysomusjulianae,
ptenopusgarrulus,AT1309
xanthiumspinosum,AA0402;AA0409;AA1207;NA0414;NA1201;NA1202;NA1203;PA0402;PA0433;PA0436;PA1215;PA1222
manistemminckii,
indigoferacharlieriana,
tockusleucomelas,AT0119;AT0702;AT0709;AT0717;AT0725;AT0726;AT0902;AT0907;AT0908;AT1309;AT1316
acaciamellifera,AT0702;AT0707;AT0711;AT0713;AT0722;AT0902;AT1309;AT1316
lepuseuropaeus,AA0801;PA0402;PA0405;PA0412;PA0436;PA0445
bathyergusjanetta,
falcochicquera,AT0101;AT0702;AT0704;AT0705;AT0707;AT0711;AT0712;AT0713;AT0716;AT0719;AT0721;AT0722;AT0725;AT0902;AT0905;AT0907;AT0908;AT1010;AT1309;IM0120;IM0124;IM0134;IM0166;IM0204;IM0206;IM0209;IM0701;IM1304;IM1401
kobusleche,AT0725;AT0726;AT0907
tragelaphusstrepsiceros,AT0119;AT0702;AT0709;AT0711;AT0716;AT0717;AT0719;AT0725;AT0726;AT0902;AT0907;AT1012;AT1201;AT1309;AT1314;AT1315;AT1316
pedetescapensis,AT0725;AT1309
milvusmigrans,AT0108;AT0712;AT0715;AT0725;AT1007;IM0105;PA0402;PA0404;PA0405;PA0440;PA0445;PA0904;PA1201;PA1221
amietiaangolensis,AT0109;AT0725
hypsugoanchietae,
tagetesminuta,AA0402;AA0409;PA0405
laephotisbotwanae,
parabuthusgranulatus,AT1316
lamprotornisnitens,AT0116;AT0119;AT0702;AT0709;AT0717;AT0725;AT0726;AT0907;AT0908;AT1004;AT1009;AT1309;AT1316;AT1405
stipagrostisciliata,
otomysangoniensis,AT0717
oxygonumalatum,
carissabispinosa,AT0704;AT1015
cryptochloriszyli,
streptopeliasenegalensis,AA1205;AT0108;AT0111;AT0116;AT0707;AT0711;AT0716;AT0717;AT0721;AT0722;AT0725;AT1004;AT1007;AT1009;AT1203;AT1306;AT1318;AT1405;IM0151;IM0166;Lake;PA0404;PA0812;PA1207;PA1212;PA1303;PA1321;PA1323;PA1327
asparagussuaveolens,
combretumimberbe,AT0907;AT1316
dendromusnyikae,
sigmoceroslichtensteinii,AT0716;AT0725;AT1309
aristidameridionalis,AT0907
otomyssaundersiae,
commicarpuspentandrusburchheimerl,
mariscuschersinus,
reduncaarundinum,AT0119;AT0725;AT0726;AT0907;AT1004
damadama,AA0801;PA0402;PA0405;PA0409;PA0412;PA0429;PA0436;PA0445
trachylepisspilogaster,AT0709
babianahypogea,
dipcadiglaucum,
huernialongituba,
sciuruscarolinensis,NA0401;NA0402;NA0403;NA0406;NA0407;NA0409;NA0410;NA0411;NA0413;NA0414;NA0417;NA0517;NA0519;NA0523;NA0524;NA0529;NA0701;NA0804;NA1202;NT0904;PA0409;PA0421;PA0432
falcobiarmicus,AT0101;AT0107;AT0108;AT0109;AT0111;AT0112;AT0116;AT0119;AT0707;AT0711;AT0714;AT0716;AT0722;AT0725;AT0726;AT0908;AT1001;AT1004;AT1007;AT1008;AT1009;AT1013;AT1203;AT1403;PA0401;PA0608;PA1211
lepussaxatilis,AT0702;AT0707;AT0709;AT0711;AT0714;AT0717;AT0719;AT0722;AT0725;AT0902;AT0907;AT0908;AT1201;AT1309;AT1314
steatomyspratensis,AT0718
petromustypicus,AT1316
saccostomuscampestris,AT0704
asclepiasfruticosa,AA0402;AA0409;PA0425;PA1204;PA1211;PA1222
euplectesprogne,AT0108;AT0116;AT0711;AT0716;AT0717;AT0725;AT1003;AT1004;AT1005;AT1009;AT1012
tetradeniariparia,AT1309
thryonomysswinderianus,AT0114;AT0130;AT0707;AT0718;AT1403
francolinusadspersus,AT0702;AT0709;AT0725;AT0726;AT0902;AT0907;AT0908;AT1309;AT1316
columbaguinea,AT0108;AT0115;AT0116;AT0707;AT0711;AT0713;AT0714;AT0715;AT0717;AT0721;AT0722;AT0901;AT1003;AT1004;AT1005;AT1007;AT1008;AT1009;AT1202;AT1314;AT1403
lyciumbosciifolium,AT1309
kerivoulalanosa,AT0114
mopscondylurus,
neamblysomusgunningi,
upupaepops,AT0725;IM0105;IM0126;IM0131;IM0206;IM0401;PA0431;PA0445;PA1201;PA1205;PA1209;PA1211;PA1212;PA1215;PA1216;PA1221;PA1303
mussetzeri,
securidacalongipedunculata,AT0111;AT0704;AT0707;AT0722;AT1015
equuscaballus,AA0402;AA0405;AA0409;AA0703;AA1003;NA0410;NA0411;NA0517;NA0811;NA0814;NA1201;NA1202;NA1302;NA1305;NA1308;NT0121;NT0136;NT0176;NT0210;NT0217;NT0310;NT0803;NT0907;PA0402;PA0406;PA0419;PA0431;PA0445;PA1209;PA1215;PA1216
loxodontaafricana,AT0108;AT0702;AT0704;AT0711;AT0714;AT0716;AT0717;AT0721;AT0722;AT0725;AT0726;AT0902;AT0907;AT1004;AT1201;PA0445
triaenopspersicus,
harpagophytumprocumbens,
pennisetumglaucum,AT0713;PA0406;PA0445;PA1208;PA1209;PA1215
tateraleucogaster,
macroscelidesproboscideus,
acaciaataxacantha,AT0114;AT0130;AT0713;AT0722
zeamays,AA0406;AA0801;NA0303;NT0211;NT0303;PA0402;PA0405;PA0406;PA0436;PA0445;PA0814
acomyssubspinosus,
ochnapulchra,
lissodelphisperonii,NT0404
tockusnasutus,AT0109;AT0111;AT0125;AT0705;AT0707;AT0711;AT0714;AT0715;AT0716;AT0717;AT0721;AT0722;AT0725;AT1005;AT1007;AT1013;AT1320;AT1403;Lake
pancratiumtenuifolium,AT1309
vignatriloba,AA0115;AT0707;AT0722;PA1210
cryptomysdarlingi,
queleaquelea,AT0101;AT0108;AT0109;AT0112;AT0705;AT0707;AT0711;AT0714;AT0715;AT0716;AT0717;AT0722;AT0725;AT0726;AT0907;AT0908;AT1004;AT1005;AT1007;AT1009;AT1314;Lake
protelescristata,AT0711;AT1309;PA0402
cyperususitatus,
acaciahaematoxylon,
oxalislawsonii,
cisticolaaridulus,AT0108;AT0112;AT0119;AT0702;AT0706;AT0711;AT0713;AT0714;AT0716;AT0717;AT0725;AT0902;AT0907;AT0908;AT1309;AT1314;AT1316
mirafrasabota,AT0702;AT0709;AT0717;AT0725;AT0902;AT1309;AT1316
myotiswelwitschii,AT0114;AT0721
thryonomysgregorianus,
grewiaoccidentalis,AT1009;AT1314
heliotropiumciliatum,
elephantulusedwardii,
falconaumanni,AT0705;AT0711;AT0714;AT0716;AT0722;AT0725;AT1004;AT1306;PA0436;PA0805;PA1201;PA1202;PA1205;PA1207;PA1209;PA1215;PA1221;PA1303;PA1313
nycterisvinsoni,
chrysochlorisvisagiei,
camelliasinensis,AT0120;IM0151;PA0440
coturnixdelegorguei,AT0101;AT0108;AT0109;AT0118;AT0127;AT0704;AT0705;AT0709;AT0711;AT0714;AT0716;AT0717;AT0721;AT0725;AT0907;AT0908;AT1004;AT1309;AT1316
hyperoodonplanifrons,AA0402;AA0406;AA0409;AN1101;AN1102;AN1104;AT1202;AT1315;NT0710
coraciasgarrulus,AT0109;AT0119;AT0706;AT0711;AT0714;AT0716;AT0717;AT0725;AT1306;PA0402;PA0404;PA0431;PA0805;PA0814;PA1207;PA1209;PA1211;PA1215;PA1303;PA1320
myosorexsclateri,
lantanarugosa,
sylvicapragrimmia,AT0114;AT0119;AT0704;AT0706;AT0709;AT0712;AT0716;AT0717;AT0721;AT0722;AT0725;AT0908;AT1004;AT1309;AT1316
gypscoprotheres,AT0116;AT0119;AT0717;AT0725;AT0907;AT1003;AT1004;AT1009;AT1012
clutiapulchella,
grammomysdolichurus,
calcochlorisobtusirostris,
macronousgularis,IM0105;IM0106;IM0126;IM0146;IM0210
bauhiniapetersiana,
myosorexcafer,
securinegavirosa,AT0111;AT0722;AT0907
petromyscusmonticularis,
lobodoncarcinophagus,AN1101;AN1103
musindutus,
helogaleparvula,AT0711;AT0714;AT0716;AT0725;AT0902;AT1004;AT1309;AT1316
pythonsebae,AT0110;AT0114;AT0130;AT0716;AT0726;AT0907
peponocephalaelectra,AA0402;AT1403;NT0103;NT0119;PA0440
pachydactylusturneri,AT0701;AT1309
hyaenabrunnea,AT0108;AT0709;AT0716;AT0725;AT0908;AT1004;AT1309
heterohyraxbrucei,AT0711;AT0714;AT0716;AT0725
falcoperegrinus,IM0105;NA0407;NA0519;NA0524;NA0529;NA1201;NA1203;NA1302;PA0402;PA0405;PA0412;PA0445;PA1212;PA1221
cyperusmargaritaceusvahl,
otomysunisulcatus,
canismesomelas,AT0108;AT0112;AT0702;AT0709;AT0711;AT0714;AT0716;AT0717;AT0721;AT0725;AT0726;AT0902;AT0908;AT1007;AT1008;AT1009;AT1012;AT1201;AT1309;AT1315;AT1316
najanivea,AT1314;AT1316
raphicerusmelanotis,
dolichospratensis,
talinumcrispatulum,
dendromusmystacalis,
kogiabreviceps,AA0402;NA0411;NA0504;NA0513;NA0517;NA0529;NT0155;NT0904
balaenopteraborealis,IM1301;NT0103;PA0405;PA0406;PA0409;PA0421
albucaamboensis,
indigoferaalternans,
miroungaleonina,AA0402;AA0410;AA0801;AA1101;AN1103;NT0160;NT0805
nomadacrisseptemfasciata,
grewiaavellanahiern,
eragrostisrigidior,
graphiurusocularis,
crocidurafuscomurina,
columbaarquatrix,AT0101;AT0108;AT0109;AT0115;AT0116;AT0711;AT0714;AT0716;AT0717;AT0721;AT0725;AT1003;AT1004;AT1005;AT1007;AT1008;AT1009;AT1012;AT1013;AT1202;AT1203
epomophorusgambianus,AT0114;AT0119;AT0707;AT0712;AT0713;AT0719;AT0722
solanumsupinum,
rattusnorvegicus,AA0405;AA0801;NA0519;NA1202;NA1302;PA0402;PA0405;PA0409;PA0412;PA0429;PA0432;PA0436;PA0445;PA0608
trachylepiscapensis,AT1202;AT1322
elephantorrhizaburkei,
enneapogoncenchroides,
papioursinus,AT0115;AT0709;AT0725;AT0726;AT0907;AT1003;AT1004;AT1202;AT1203;AT1309;AT1314;AT1315;AT1316
susscrofadomesticus,NA0405;NA0523;NA0804;NA0806;NA1202;PA0402;PA0405;PA0412;PA0436;PA0445
carpitalpaarendsi,
rhinolophusclivosus,AT0711
ferrariaglutinosa,
kyllingaalba,AT0907
eremitalpagranti,
tribulusterrestris,AA0402;AA0409;NA0529;NA0530;NA0801;NA0804;NA0814;NA1201;NA1202;NA1304;NA1308;NA1310;PA0404;PA0501;PA1215;PA1222;PA1303;PA1305
crociduramaquassiensis,
panicumkalaharense,
miniopterusfraterculus,AT0117
passermelanurus,AT0717;AT1003;AT1004;AT1009;AT1012;AT1202;AT1309;AT1310;AT1314;AT1315;AT1316
melinisrepens,AA0402;NA0303;NA1201;NA1302;NA1311;NT0176;NT0204;NT0205;NT0303;NT0309;NT0310;NT1316
aethomysnamaquensis,
catophractesalexandri,AT0702;AT0902;AT1309;AT1316
otomopsmartiensseni,AT0707;AT0711;AT1405
passerdomesticus,PA0405;PA0436;PA0608
bunolagusmonticularis,
bubulcusibis,AT0108;AT0714;AT0716;AT0722;AT1007;IM0105;IM0146;IM0172;IM0202;IM0210;NA0404;NA0405;NA0529;NA0804;NA0814;NA1202;NA1302;NA1310;NA1312;NT0127;NT0161;NT0176;NT0179;NT0215;NT0226;NT0230;NT0709;NT1305;OC0106;OC0202;OC0702;PA0904;PA1201;PA1209;PA1211;PA1212;PA1215;PA1221;PA1321
combretumzeyheri,
rattusrattus,AA0402;AA0405;AA0406;AA0407;AA0409;AA0801;IM0124;IM0212;NA0519;NA0806;NA0814;NA1202;NA1311;NT0154;PA0402;PA0405;PA0412;PA0436;PA0445;PA1210;PA1211
gomphocarpusfruticosus,AA0402;AA0409;PA0425;PA1204;PA1211;PA1222
achyranthesaspera,AT0707;AT0713;AT0722;AT0907;AT1005;AT1309;IM0135;PA0412;PA0425;PA1203;PA1214
commiphoraafricana,AT0707;AT0711;AT0713;AT0722;AT1015
